{
  "image_size": 160,
  "threshold": 0.6735448837280273,
  "train_accuracy": 0.9355,
  "validation_accuracy": 0.932,
  "train_summary": {
    "mean_positive_distance": 0.3945236802101135,
    "mean_negative_distance": 0.9625667929649353,
    "std_positive_distance": 0.18839383125305176,
    "std_negative_distance": 0.16427946090698242,
    "num_positive_pairs": 1000,
    "num_negative_pairs": 1000
  },
  "validation_summary": {
    "mean_positive_distance": 0.40302565693855286,
    "mean_negative_distance": 0.9600158929824829,
    "std_positive_distance": 0.18448679149150848,
    "std_negative_distance": 0.1623058021068573,
    "num_positive_pairs": 1000,
    "num_negative_pairs": 1000
  },
  "train_confusion": {
    "tp": 918,
    "tn": 953,
    "fp": 47,
    "fn": 82
  },
  "validation_confusion": {
    "tp": 909,
    "tn": 955,
    "fp": 45,
    "fn": 91
  }
}