{
  "image_size": 112,
  "threshold": 0.6289407014846802,
  "train_accuracy": 0.7285,
  "validation_accuracy": 0.714,
  "train_summary": {
    "mean_positive_distance": 0.5149046182632446,
    "mean_negative_distance": 0.7657548189163208,
    "std_positive_distance": 0.2241440862417221,
    "std_negative_distance": 0.20283834636211395,
    "num_positive_pairs": 1000,
    "num_negative_pairs": 1000
  },
  "validation_summary": {
    "mean_positive_distance": 0.5195066332817078,
    "mean_negative_distance": 0.7700284719467163,
    "std_positive_distance": 0.22558867931365967,
    "std_negative_distance": 0.21759727597236633,
    "num_positive_pairs": 1000,
    "num_negative_pairs": 1000
  },
  "train_confusion": {
    "tp": 697,
    "tn": 760,
    "fp": 240,
    "fn": 303
  },
  "validation_confusion": {
    "tp": 678,
    "tn": 750,
    "fp": 250,
    "fn": 322
  }
}