{
  "image_size": 224,
  "threshold": 0.571486234664917,
  "train_accuracy": 0.9465,
  "validation_accuracy": 0.9485,
  "train_summary": {
    "mean_positive_distance": 0.29734906554222107,
    "mean_negative_distance": 0.867822527885437,
    "std_positive_distance": 0.16312868893146515,
    "std_negative_distance": 0.16459563374519348,
    "num_positive_pairs": 1000,
    "num_negative_pairs": 1000
  },
  "validation_summary": {
    "mean_positive_distance": 0.3003149926662445,
    "mean_negative_distance": 0.8589673638343811,
    "std_positive_distance": 0.15667586028575897,
    "std_negative_distance": 0.15987378358840942,
    "num_positive_pairs": 1000,
    "num_negative_pairs": 1000
  },
  "train_confusion": {
    "tp": 938,
    "tn": 955,
    "fp": 45,
    "fn": 62
  },
  "validation_confusion": {
    "tp": 934,
    "tn": 963,
    "fp": 37,
    "fn": 66
  }
}